Name,Email,Country
Alice,alice@example.com,USA
Bob,bob@example.com,Canada
Charlie,charlie@example.com,UK
Alice,alice@example.com,USA
Bob,bob@example.com,Canada
Charlie,charlie@example.com,UK
Alice,alice@example.com,USA
Bob,bob@example.com,Canada
Charlie,charlie@example.com,UK
Alice,alice@example.com,USA
Bob,bob@example.com,Canada
Charlie,charlie@example.com,UK
Alice,alice@example.com,USA
Bob,bob@example.com,Canada
Charlie,charlie@example.com,UK
Alice,alice@example.com,USA
Bob,bob@example.com,Canada
Charlie,charlie@example.com,UK
Alice,alice@example.com,USA
Bob,bob@example.com,Canada
Charlie,charlie@example.com,UK
Alice,alice@example.com,USA
Bob,bob@example.com,Canada
Charlie,charlie@example.com,UK
Alice,alice@example.com,USA
Bob,bob@example.com,Canada
Charlie,charlie@example.com,UK
Alice,alice@example.com,USA
Bob,bob@example.com,Canada
Charlie,charlie@example.com,UK
Alice,alice@example.com,USA
Bob,bob@example.com,Canada
Charlie,charlie@example.com,UK
Alice,alice@example.com,USA
Bob,bob@example.com,Canada
Charlie,charlie@example.com,UK
